country,cause,sex,age,year,prevalence_rate,incidence_rate,ylds_rate
Global,Anxiety disorders,Both,0-14 years,2010,1568.02,464.2,194.92
Global,Anxiety disorders,Both,0-14 years,2011,1559,462.81,193.86
Global,Anxiety disorders,Both,0-14 years,2012,1549.15,461,192.68
Global,Anxiety disorders,Both,0-14 years,2013,1540.07,459.17,191.55
Global,Anxiety disorders,Both,0-14 years,2014,1533.91,458.01,190.83
Global,Anxiety disorders,Both,0-14 years,2015,1531.65,457.74,190.57
Global,Anxiety disorders,Both,0-14 years,2016,1529.31,457.23,190.3
Global,Anxiety disorders,Both,0-14 years,2017,1526.61,456.49,190.04
Global,Anxiety disorders,Both,0-14 years,2018,1528.73,456.96,190.29
Global,Anxiety disorders,Both,0-14 years,2019,1538.56,459.3,191.55
Global,Anxiety disorders,Both,0-14 years,2020,1854.32,554.38,230.62
Global,Anxiety disorders,Both,0-14 years,2021,1935.82,578.37,240.75
Global,Anxiety disorders,Both,15-39 years,2010,4629.37,684.09,560.45
Global,Anxiety disorders,Both,15-39 years,2011,4620.7,684.35,559.39
Global,Anxiety disorders,Both,15-39 years,2012,4606.07,683.93,557.61
Global,Anxiety disorders,Both,15-39 years,2013,4589.97,683.28,555.64
Global,Anxiety disorders,Both,15-39 years,2014,4576.84,682.81,554.01
Global,Anxiety disorders,Both,15-39 years,2015,4570.93,682.9,553.28
Global,Anxiety disorders,Both,15-39 years,2016,4571.06,683.43,553.2
Global,Anxiety disorders,Both,15-39 years,2017,4572.4,684,553.37
Global,Anxiety disorders,Both,15-39 years,2018,4574.09,684.67,553.51
Global,Anxiety disorders,Both,15-39 years,2019,4574.94,685.42,553.56
Global,Anxiety disorders,Both,15-39 years,2020,5389.19,811.2,650.79
Global,Anxiety disorders,Both,15-39 years,2021,5633.61,845.63,679.88
Global,Anxiety disorders,Both,40-44 years,2010,4864.97,689.16,575.92
Global,Anxiety disorders,Both,40-44 years,2011,4850.26,687.67,574.29
Global,Anxiety disorders,Both,40-44 years,2012,4823.96,684.38,571.09
Global,Anxiety disorders,Both,40-44 years,2013,4795.1,680.56,567.84
Global,Anxiety disorders,Both,40-44 years,2014,4774.17,677.58,565.19
Global,Anxiety disorders,Both,40-44 years,2015,4771.79,676.79,564.9
Global,Anxiety disorders,Both,40-44 years,2016,4785.01,677.58,566.31
Global,Anxiety disorders,Both,40-44 years,2017,4805.15,678.72,568.56
Global,Anxiety disorders,Both,40-44 years,2018,4828.49,680.19,571.38
Global,Anxiety disorders,Both,40-44 years,2019,4850.73,682.02,573.93
Global,Anxiety disorders,Both,40-44 years,2020,5546.54,776.41,654.76
Global,Anxiety disorders,Both,40-44 years,2021,5755.44,798.22,678.47
Global,Anxiety disorders,Both,45-49 years,2010,4932.06,639.74,579.31
Global,Anxiety disorders,Both,45-49 years,2011,4893.36,636.3,574.88
Global,Anxiety disorders,Both,45-49 years,2012,4840.23,630.75,568.78
Global,Anxiety disorders,Both,45-49 years,2013,4788.84,625.01,562.77
Global,Anxiety disorders,Both,45-49 years,2014,4750.28,620.5,558.14
Global,Anxiety disorders,Both,45-49 years,2015,4735.71,618.58,556.39
Global,Anxiety disorders,Both,45-49 years,2016,4738.71,619.24,556.73
Global,Anxiety disorders,Both,45-49 years,2017,4746.8,621.3,557.56
Global,Anxiety disorders,Both,45-49 years,2018,4755.16,623.51,558.56
Global,Anxiety disorders,Both,45-49 years,2019,4762.09,625.04,559.32
Global,Anxiety disorders,Both,45-49 years,2020,5344,698.61,626.29
Global,Anxiety disorders,Both,45-49 years,2021,5528.21,718.05,647.19
Global,Anxiety disorders,Both,50-69 years,2010,4760.7,518.43,546
Global,Anxiety disorders,Both,50-69 years,2011,4731.71,515.69,542.62
Global,Anxiety disorders,Both,50-69 years,2012,4673.75,509.99,535.91
Global,Anxiety disorders,Both,50-69 years,2013,4605.57,503.45,528.02
Global,Anxiety disorders,Both,50-69 years,2014,4548.54,497.95,521.47
Global,Anxiety disorders,Both,50-69 years,2015,4521.86,495.37,518.3
Global,Anxiety disorders,Both,50-69 years,2016,4535.58,497.52,519.76
Global,Anxiety disorders,Both,50-69 years,2017,4571.69,503.22,523.83
Global,Anxiety disorders,Both,50-69 years,2018,4609.38,509.18,528.06
Global,Anxiety disorders,Both,50-69 years,2019,4630.17,512.62,530.36
Global,Anxiety disorders,Both,50-69 years,2020,5045.97,556.57,577.02
Global,Anxiety disorders,Both,50-69 years,2021,5209.68,570.49,595.11
Global,Anxiety disorders,Both,70+ years,2010,4430.9,298.02,472.98
Global,Anxiety disorders,Both,70+ years,2011,4397.9,296.37,469.31
Global,Anxiety disorders,Both,70+ years,2012,4338.47,293.69,462.81
Global,Anxiety disorders,Both,70+ years,2013,4273.41,290.85,455.72
Global,Anxiety disorders,Both,70+ years,2014,4219.78,288.5,449.8
Global,Anxiety disorders,Both,70+ years,2015,4194.58,287.27,446.99
Global,Anxiety disorders,Both,70+ years,2016,4206.18,287.67,448.19
Global,Anxiety disorders,Both,70+ years,2017,4238.24,289.27,451.53
Global,Anxiety disorders,Both,70+ years,2018,4273.5,290.92,455.2
Global,Anxiety disorders,Both,70+ years,2019,4292.26,292.52,457.22
Global,Anxiety disorders,Both,70+ years,2020,4498.3,305.37,478.98
Global,Anxiety disorders,Both,70+ years,2021,4626.1,310.87,492.17
Global,Anxiety disorders,Both,All ages,2010,3847.62,577.33,457.35
Global,Anxiety disorders,Both,All ages,2011,3837.72,575.87,456.07
Global,Anxiety disorders,Both,All ages,2012,3816.69,573.19,453.49
Global,Anxiety disorders,Both,All ages,2013,3792.06,570.09,450.48
Global,Anxiety disorders,Both,All ages,2014,3772.18,567.49,448.01
Global,Anxiety disorders,Both,All ages,2015,3764.73,566.14,447
Global,Anxiety disorders,Both,All ages,2016,3770.09,566,447.43
Global,Anxiety disorders,Both,All ages,2017,3781.79,566.53,448.61
Global,Anxiety disorders,Both,All ages,2018,3796.61,567.58,450.13
Global,Anxiety disorders,Both,All ages,2019,3810.23,568.71,451.54
Global,Anxiety disorders,Both,All ages,2020,4371.18,659.33,517.73
Global,Anxiety disorders,Both,All ages,2021,4551.99,683.25,538.69
Global,Anxiety disorders,Female,0-14 years,2010,1941.95,556.39,241.05
Global,Anxiety disorders,Female,0-14 years,2011,1929.54,554.44,239.53
Global,Anxiety disorders,Female,0-14 years,2012,1916.67,552.09,238.01
Global,Anxiety disorders,Female,0-14 years,2013,1905.16,549.8,236.53
Global,Anxiety disorders,Female,0-14 years,2014,1897.34,548.32,235.64
Global,Anxiety disorders,Female,0-14 years,2015,1894.05,547.85,235.24
Global,Anxiety disorders,Female,0-14 years,2016,1890.25,547.01,234.78
Global,Anxiety disorders,Female,0-14 years,2017,1885.9,545.9,234.39
Global,Anxiety disorders,Female,0-14 years,2018,1887.83,546.32,234.62
Global,Anxiety disorders,Female,0-14 years,2019,1900.04,549.16,236.17
Global,Anxiety disorders,Female,0-14 years,2020,2293.84,663.57,284.74
Global,Anxiety disorders,Female,0-14 years,2021,2397.32,692.89,297.62
Global,Anxiety disorders,Female,15-39 years,2010,5854.68,823.68,704.02
Global,Anxiety disorders,Female,15-39 years,2011,5834.76,822.75,701.59
Global,Anxiety disorders,Female,15-39 years,2012,5804.51,820.51,697.89
Global,Anxiety disorders,Female,15-39 years,2013,5772.15,817.84,693.93
Global,Anxiety disorders,Female,15-39 years,2014,5745.62,815.6,690.67
Global,Anxiety disorders,Female,15-39 years,2015,5732.75,814.6,689.1
Global,Anxiety disorders,Female,15-39 years,2016,5730.23,814.11,688.64
Global,Anxiety disorders,Female,15-39 years,2017,5728.89,813.22,688.35
Global,Anxiety disorders,Female,15-39 years,2018,5728.19,812.52,688.12
Global,Anxiety disorders,Female,15-39 years,2019,5727.16,812.52,687.97
Global,Anxiety disorders,Female,15-39 years,2020,6768.33,965.11,811.04
Global,Anxiety disorders,Female,15-39 years,2021,7099.1,1009.95,850.1
Global,Anxiety disorders,Female,40-44 years,2010,6171.35,805.76,724.65
Global,Anxiety disorders,Female,40-44 years,2011,6140.22,802.83,721.09
Global,Anxiety disorders,Female,40-44 years,2012,6088.74,796.92,714.8
Global,Anxiety disorders,Female,40-44 years,2013,6031.67,789.95,708.23
Global,Anxiety disorders,Female,40-44 years,2014,5986.69,784.03,702.64
Global,Anxiety disorders,Female,40-44 years,2015,5971.85,781.19,700.83
Global,Anxiety disorders,Female,40-44 years,2016,5979.88,779.85,701.49
Global,Anxiety disorders,Female,40-44 years,2017,5995.27,778.06,703.07
Global,Anxiety disorders,Female,40-44 years,2018,6016.01,776.84,705.39
Global,Anxiety disorders,Female,40-44 years,2019,6039.37,777.34,708.09
Global,Anxiety disorders,Female,40-44 years,2020,6935.43,889.18,810.85
Global,Anxiety disorders,Female,40-44 years,2021,7238.08,918.18,845.07
Global,Anxiety disorders,Female,45-49 years,2010,6248.06,721.99,728.37
Global,Anxiety disorders,Female,45-49 years,2011,6185.26,717.2,721.11
Global,Anxiety disorders,Female,45-49 years,2012,6097.89,709.08,711.06
Global,Anxiety disorders,Female,45-49 years,2013,6011.88,700.38,701.01
Global,Anxiety disorders,Female,45-49 years,2014,5945.97,693.28,693.26
Global,Anxiety disorders,Female,45-49 years,2015,5918.71,689.85,689.97
Global,Anxiety disorders,Female,45-49 years,2016,5916.53,689.19,689.49
Global,Anxiety disorders,Female,45-49 years,2017,5915.88,689.24,689.19
Global,Anxiety disorders,Female,45-49 years,2018,5914.28,689.58,689.03
Global,Anxiety disorders,Female,45-49 years,2019,5914.48,690.21,688.86
Global,Anxiety disorders,Female,45-49 years,2020,6662.71,776.13,774.08
Global,Anxiety disorders,Female,45-49 years,2021,6936.62,800.89,804.93
Global,Anxiety disorders,Female,50-69 years,2010,5970.24,531.98,681.03
Global,Anxiety disorders,Female,50-69 years,2011,5921.39,527.88,675.3
Global,Anxiety disorders,Female,50-69 years,2012,5830.66,519.93,664.84
Global,Anxiety disorders,Female,50-69 years,2013,5725.34,511.01,652.7
Global,Anxiety disorders,Female,50-69 years,2014,5637.04,503.53,642.57
Global,Anxiety disorders,Female,50-69 years,2015,5594.33,499.99,637.51
Global,Anxiety disorders,Female,50-69 years,2016,5604.95,501.86,638.58
Global,Anxiety disorders,Female,50-69 years,2017,5640.97,507.32,642.57
Global,Anxiety disorders,Female,50-69 years,2018,5678.81,513.06,646.76
Global,Anxiety disorders,Female,50-69 years,2019,5698.36,516.42,648.91
Global,Anxiety disorders,Female,50-69 years,2020,6235.49,565.59,708.63
Global,Anxiety disorders,Female,50-69 years,2021,6480.65,580.3,735.72
Global,Anxiety disorders,Female,70+ years,2010,5405.11,265.61,574.91
Global,Anxiety disorders,Female,70+ years,2011,5357.28,263.72,569.59
Global,Anxiety disorders,Female,70+ years,2012,5274.13,260.82,560.47
Global,Anxiety disorders,Female,70+ years,2013,5184.19,257.72,550.6
Global,Anxiety disorders,Female,70+ years,2014,5109.73,255.16,542.41
Global,Anxiety disorders,Female,70+ years,2015,5075.25,253.77,538.49
Global,Anxiety disorders,Female,70+ years,2016,5092.9,254.16,540.3
Global,Anxiety disorders,Female,70+ years,2017,5140.47,255.96,545.23
Global,Anxiety disorders,Female,70+ years,2018,5192.46,257.86,550.56
Global,Anxiety disorders,Female,70+ years,2019,5220.03,259.63,553.5
Global,Anxiety disorders,Female,70+ years,2020,5486.48,273.57,581.49
Global,Anxiety disorders,Female,70+ years,2021,5663.72,278.28,599.67
Global,Anxiety disorders,Female,All ages,2010,4866.58,668.29,574.5
Global,Anxiety disorders,Female,All ages,2011,4845.69,665.35,571.86
Global,Anxiety disorders,Female,All ages,2012,4807.67,660.6,567.24
Global,Anxiety disorders,Female,All ages,2013,4764.45,655.28,562
Global,Anxiety disorders,Female,All ages,2014,4728.94,650.67,557.67
Global,Anxiety disorders,Female,All ages,2015,4713.44,647.9,555.66
Global,Anxiety disorders,Female,All ages,2016,4716.63,646.49,555.73
Global,Anxiety disorders,Female,All ages,2017,4727.26,645.52,556.67
Global,Anxiety disorders,Female,All ages,2018,4741.91,645.22,558.05
Global,Anxiety disorders,Female,All ages,2019,4755.89,645.52,559.46
Global,Anxiety disorders,Female,All ages,2020,5468.47,752.4,642.67
Global,Anxiety disorders,Female,All ages,2021,5717.49,781.54,671.32
Global,Anxiety disorders,Male,0-14 years,2010,1218.75,378.08,151.84
Global,Anxiety disorders,Male,0-14 years,2011,1212.69,377.17,151.17
Global,Anxiety disorders,Male,0-14 years,2012,1205.49,375.82,150.28
Global,Anxiety disorders,Male,0-14 years,2013,1198.55,374.39,149.46
Global,Anxiety disorders,Male,0-14 years,2014,1193.8,373.49,148.88
Global,Anxiety disorders,Male,0-14 years,2015,1192.37,373.38,148.75
Global,Anxiety disorders,Male,0-14 years,2016,1191.29,373.15,148.64
Global,Anxiety disorders,Male,0-14 years,2017,1190.04,372.74,148.49
Global,Anxiety disorders,Male,0-14 years,2018,1192.24,373.23,148.75
Global,Anxiety disorders,Male,0-14 years,2019,1199.74,375.08,149.72
Global,Anxiety disorders,Male,0-14 years,2020,1442.22,452.01,179.88
Global,Anxiety disorders,Male,0-14 years,2021,1502.98,470.96,187.41
Global,Anxiety disorders,Male,15-39 years,2010,3427.62,547.19,419.64
Global,Anxiety disorders,Male,15-39 years,2011,3429.91,548.59,419.91
Global,Anxiety disorders,Male,15-39 years,2012,3430.86,550,420.06
Global,Anxiety disorders,Male,15-39 years,2013,3431.36,551.4,420.1
Global,Anxiety disorders,Male,15-39 years,2014,3432.39,552.77,420.19
Global,Anxiety disorders,Male,15-39 years,2015,3434.6,554.09,420.44
Global,Anxiety disorders,Male,15-39 years,2016,3438.76,555.77,420.91
Global,Anxiety disorders,Male,15-39 years,2017,3444.21,557.94,421.7
Global,Anxiety disorders,Male,15-39 years,2018,3449.77,560.11,422.36
Global,Anxiety disorders,Male,15-39 years,2019,3454,561.77,422.81
Global,Anxiety disorders,Male,15-39 years,2020,4049.27,661.66,495.11
Global,Anxiety disorders,Male,15-39 years,2021,4211.4,686.17,514.69
Global,Anxiety disorders,Male,40-44 years,2010,3582.97,574.75,429.97
Global,Anxiety disorders,Male,40-44 years,2011,3586.28,574.83,430.46
Global,Anxiety disorders,Male,40-44 years,2012,3585.67,574.2,430.38
Global,Anxiety disorders,Male,40-44 years,2013,3583.91,573.41,430.33
Global,Anxiety disorders,Male,40-44 years,2014,3584.88,573.16,430.37
Global,Anxiety disorders,Male,40-44 years,2015,3592.75,574.21,431.35
Global,Anxiety disorders,Male,40-44 years,2016,3609.73,576.99,433.34
Global,Anxiety disorders,Male,40-44 years,2017,3633.76,580.96,436.16
Global,Anxiety disorders,Male,40-44 years,2018,3659.61,585.05,439.47
Global,Anxiety disorders,Male,40-44 years,2019,3681.06,588.21,441.91
Global,Anxiety disorders,Male,40-44 years,2020,4180.14,665.46,501.21
Global,Anxiety disorders,Male,40-44 years,2021,4296.74,680.2,514.55
Global,Anxiety disorders,Male,45-49 years,2010,3633.09,558.54,432.17
Global,Anxiety disorders,Male,45-49 years,2011,3615.09,556.26,430.2
Global,Anxiety disorders,Male,45-49 years,2012,3593.73,553.12,427.76
Global,Anxiety disorders,Male,45-49 years,2013,3576.17,550.28,425.7
Global,Anxiety disorders,Male,45-49 years,2014,3565.54,548.38,424.26
Global,Anxiety disorders,Male,45-49 years,2015,3565.19,548.07,424.21
Global,Anxiety disorders,Male,45-49 years,2016,3575.66,550.18,425.63
Global,Anxiety disorders,Male,45-49 years,2017,3593.82,554.29,427.74
Global,Anxiety disorders,Male,45-49 years,2018,3611.92,558.34,429.89
Global,Anxiety disorders,Male,45-49 years,2019,3624.24,560.68,431.42
Global,Anxiety disorders,Male,45-49 years,2020,4039.7,621.93,480.11
Global,Anxiety disorders,Male,45-49 years,2021,4132.94,635.98,490.92
Global,Anxiety disorders,Male,50-69 years,2010,3518.83,504.51,407.36
Global,Anxiety disorders,Male,50-69 years,2011,3508.57,503.15,406.22
Global,Anxiety disorders,Male,50-69 years,2012,3482.59,499.75,403.16
Global,Anxiety disorders,Male,50-69 years,2013,3450.59,495.66,399.43
Global,Anxiety disorders,Male,50-69 years,2014,3424.03,492.2,396.36
Global,Anxiety disorders,Male,50-69 years,2015,3412.09,490.58,394.95
Global,Anxiety disorders,Male,50-69 years,2016,3427.24,493.02,396.61
Global,Anxiety disorders,Male,50-69 years,2017,3462.24,498.96,400.63
Global,Anxiety disorders,Male,50-69 years,2018,3498.82,505.15,404.8
Global,Anxiety disorders,Male,50-69 years,2019,3520.37,508.68,407.18
Global,Anxiety disorders,Male,50-69 years,2020,3809.54,547.2,440.22
Global,Anxiety disorders,Male,50-69 years,2021,3887.45,560.28,448.84
Global,Anxiety disorders,Male,70+ years,2010,3146.2,340.77,338.55
Global,Anxiety disorders,Male,70+ years,2011,3136.07,339.33,337.42
Global,Anxiety disorders,Male,70+ years,2012,3111.75,336.79,334.77
Global,Anxiety disorders,Male,70+ years,2013,3084.38,334.11,331.86
Global,Anxiety disorders,Male,70+ years,2014,3061.94,331.87,329.32
Global,Anxiety disorders,Male,70+ years,2015,3052.81,330.71,328.37
Global,Anxiety disorders,Male,70+ years,2016,3061,330.96,329.25
Global,Anxiety disorders,Male,70+ years,2017,3078.47,332.09,331.09
Global,Anxiety disorders,Male,70+ years,2018,3097.69,333.23,333.2
Global,Anxiety disorders,Male,70+ years,2019,3111.1,334.39,334.64
Global,Anxiety disorders,Male,70+ years,2020,3241.29,345.82,348.58
Global,Anxiety disorders,Male,70+ years,2021,3304.43,352.39,355.24
Global,Anxiety disorders,Male,All ages,2010,2838.76,487.27,341.37
Global,Anxiety disorders,Male,All ages,2011,2839.03,487.22,341.35
Global,Anxiety disorders,Male,All ages,2012,2834.29,486.53,340.72
Global,Anxiety disorders,Male,All ages,2013,2827.72,485.61,339.88
Global,Anxiety disorders,Male,All ages,2014,2823.07,484.98,339.22
Global,Anxiety disorders,Male,All ages,2015,2823.46,485.02,339.19
Global,Anxiety disorders,Male,All ages,2016,2830.95,486.13,339.97
Global,Anxiety disorders,Male,All ages,2017,2843.7,488.15,341.4
Global,Anxiety disorders,Male,All ages,2018,2858.68,490.54,343.05
Global,Anxiety disorders,Male,All ages,2019,2871.91,492.49,344.47
Global,Anxiety disorders,Male,All ages,2020,3282.14,566.97,393.72
Global,Anxiety disorders,Male,All ages,2021,3394.55,585.63,406.97
Global,Depressive disorders,Both,0-14 years,2010,357.71,551.86,67.32
Global,Depressive disorders,Both,0-14 years,2011,357.11,551,67.19
Global,Depressive disorders,Both,0-14 years,2012,356.49,550.16,67.1
Global,Depressive disorders,Both,0-14 years,2013,356.03,549.58,67.01
Global,Depressive disorders,Both,0-14 years,2014,356.02,549.67,66.98
Global,Depressive disorders,Both,0-14 years,2015,356.53,550.56,67.09
Global,Depressive disorders,Both,0-14 years,2016,357.73,552.65,67.34
Global,Depressive disorders,Both,0-14 years,2017,359.67,556.03,67.72
Global,Depressive disorders,Both,0-14 years,2018,362.24,560.28,68.23
Global,Depressive disorders,Both,0-14 years,2019,365.11,564.67,68.82
Global,Depressive disorders,Both,0-14 years,2020,454.9,730.34,87.76
Global,Depressive disorders,Both,0-14 years,2021,463.98,746.36,89.62
Global,Depressive disorders,Both,15-39 years,2010,3918.57,4153.93,675.63
Global,Depressive disorders,Both,15-39 years,2011,3927.45,4159.91,676.9
Global,Depressive disorders,Both,15-39 years,2012,3942.24,4171.7,679.24
Global,Depressive disorders,Both,15-39 years,2013,3960.55,4187.18,682.23
Global,Depressive disorders,Both,15-39 years,2014,3979.69,4204.13,685.32
Global,Depressive disorders,Both,15-39 years,2015,3996.31,4219.85,688.07
Global,Depressive disorders,Both,15-39 years,2016,4010.04,4233.03,690.33
Global,Depressive disorders,Both,15-39 years,2017,4022.87,4244.66,692.48
Global,Depressive disorders,Both,15-39 years,2018,4034.96,4255.63,694.39
Global,Depressive disorders,Both,15-39 years,2019,4046.11,4266.32,696.19
Global,Depressive disorders,Both,15-39 years,2020,4718.91,5282.83,835.93
Global,Depressive disorders,Both,15-39 years,2021,4767.89,5334.63,843.51
Global,Depressive disorders,Both,40-44 years,2010,5284.12,5072.62,863.09
Global,Depressive disorders,Both,40-44 years,2011,5282.23,5078.95,863.47
Global,Depressive disorders,Both,40-44 years,2012,5287.51,5094.83,865.12
Global,Depressive disorders,Both,40-44 years,2013,5296.55,5115.01,867.38
Global,Depressive disorders,Both,40-44 years,2014,5308.28,5137.57,870.05
Global,Depressive disorders,Both,40-44 years,2015,5322.34,5161.7,873.22
Global,Depressive disorders,Both,40-44 years,2016,5341.5,5188.27,877.12
Global,Depressive disorders,Both,40-44 years,2017,5367.39,5219.81,882
Global,Depressive disorders,Both,40-44 years,2018,5395.46,5254.1,887.3
Global,Depressive disorders,Both,40-44 years,2019,5419.17,5286.4,892
Global,Depressive disorders,Both,40-44 years,2020,6036.75,6213.44,1018.28
Global,Depressive disorders,Both,40-44 years,2021,6120.37,6270.03,1028.94
Global,Depressive disorders,Both,45-49 years,2010,5597.82,5336.05,907.7
Global,Depressive disorders,Both,45-49 years,2011,5582.63,5307.79,904.22
Global,Depressive disorders,Both,45-49 years,2012,5572.44,5298.56,902.34
Global,Depressive disorders,Both,45-49 years,2013,5568.75,5306.42,902.57
Global,Depressive disorders,Both,45-49 years,2014,5569.25,5321.09,903.55
Global,Depressive disorders,Both,45-49 years,2015,5573.1,5334.77,904.93
Global,Depressive disorders,Both,45-49 years,2016,5575.85,5341.7,905.74
Global,Depressive disorders,Both,45-49 years,2017,5582.1,5349.42,907.08
Global,Depressive disorders,Both,45-49 years,2018,5590.69,5360,908.51
Global,Depressive disorders,Both,45-49 years,2019,5602.11,5377.97,911.06
Global,Depressive disorders,Both,45-49 years,2020,6134.52,6179.12,1019.1
Global,Depressive disorders,Both,45-49 years,2021,6225.26,6220.87,1029.16
Global,Depressive disorders,Both,50-69 years,2010,6018.21,5767.7,959.28
Global,Depressive disorders,Both,50-69 years,2011,6011.57,5773.72,959.1
Global,Depressive disorders,Both,50-69 years,2012,6001.7,5787.46,959.09
Global,Depressive disorders,Both,50-69 years,2013,5991.71,5803.3,959.14
Global,Depressive disorders,Both,50-69 years,2014,5985.69,5818.28,959.46
Global,Depressive disorders,Both,50-69 years,2015,5984.97,5824.92,959.75
Global,Depressive disorders,Both,50-69 years,2016,5984.05,5824.6,959.38
Global,Depressive disorders,Both,50-69 years,2017,5978.77,5822.55,958.63
Global,Depressive disorders,Both,50-69 years,2018,5973.85,5821.05,957.76
Global,Depressive disorders,Both,50-69 years,2019,5974.87,5824.59,957.9
Global,Depressive disorders,Both,50-69 years,2020,6338.69,6361.85,1029.02
Global,Depressive disorders,Both,50-69 years,2021,6387.84,6346.6,1031.06
Global,Depressive disorders,Both,70+ years,2010,5913.54,6262.35,921.16
Global,Depressive disorders,Both,70+ years,2011,5909.97,6278.17,921.69
Global,Depressive disorders,Both,70+ years,2012,5900.9,6301.69,922.36
Global,Depressive disorders,Both,70+ years,2013,5889.99,6326.12,922.8
Global,Depressive disorders,Both,70+ years,2014,5884.76,6350.63,923.83
Global,Depressive disorders,Both,70+ years,2015,5891.65,6371.15,925.52
Global,Depressive disorders,Both,70+ years,2016,5904.36,6388.11,927.49
Global,Depressive disorders,Both,70+ years,2017,5902.96,6393.19,927.39
Global,Depressive disorders,Both,70+ years,2018,5898.45,6395.46,926.98
Global,Depressive disorders,Both,70+ years,2019,5901.07,6394.15,927.13
Global,Depressive disorders,Both,70+ years,2020,5950.72,6462.14,935.37
Global,Depressive disorders,Both,70+ years,2021,5943.13,6418.98,930.97
Global,Depressive disorders,Both,All ages,2010,3572.68,3669.38,593.87
Global,Depressive disorders,Both,All ages,2011,3587.81,3684.52,596.24
Global,Depressive disorders,Both,All ages,2012,3604.3,3704.52,599.11
Global,Depressive disorders,Both,All ages,2013,3621.56,3726.85,602.22
Global,Depressive disorders,Both,All ages,2014,3639.68,3749.71,605.4
Global,Depressive disorders,Both,All ages,2015,3657.98,3770.1,608.43
Global,Depressive disorders,Both,All ages,2016,3675.13,3787.67,611.11
Global,Depressive disorders,Both,All ages,2017,3691.3,3804.85,613.69
Global,Depressive disorders,Both,All ages,2018,3708.47,3823.24,616.37
Global,Depressive disorders,Both,All ages,2019,3728.13,3844.2,619.5
Global,Depressive disorders,Both,All ages,2020,4158.58,4491.86,707.03
Global,Depressive disorders,Both,All ages,2021,4212.34,4529.5,713.82
Global,Depressive disorders,Female,0-14 years,2010,454.23,712.48,86
Global,Depressive disorders,Female,0-14 years,2011,453.19,710.83,85.79
Global,Depressive disorders,Female,0-14 years,2012,452.06,709.07,85.61
Global,Depressive disorders,Female,0-14 years,2013,451.1,707.55,85.38
Global,Depressive disorders,Female,0-14 years,2014,450.7,706.9,85.28
Global,Depressive disorders,Female,0-14 years,2015,451.01,707.34,85.34
Global,Depressive disorders,Female,0-14 years,2016,452.22,709.37,85.58
Global,Depressive disorders,Female,0-14 years,2017,454.34,713,86
Global,Depressive disorders,Female,0-14 years,2018,457.25,717.75,86.61
Global,Depressive disorders,Female,0-14 years,2019,460.57,722.76,87.25
Global,Depressive disorders,Female,0-14 years,2020,576.79,938.49,111.71
Global,Depressive disorders,Female,0-14 years,2021,587.12,956.74,113.88
Global,Depressive disorders,Female,15-39 years,2010,4776.13,5115.97,822.91
Global,Depressive disorders,Female,15-39 years,2011,4785.37,5120.29,824.02
Global,Depressive disorders,Female,15-39 years,2012,4801.13,5130.1,826.23
Global,Depressive disorders,Female,15-39 years,2013,4820.86,5143.74,829.22
Global,Depressive disorders,Female,15-39 years,2014,4841.72,5159.59,832.33
Global,Depressive disorders,Female,15-39 years,2015,4860.17,5175.58,835.21
Global,Depressive disorders,Female,15-39 years,2016,4874.71,5189.66,837.54
Global,Depressive disorders,Female,15-39 years,2017,4887.03,5201.77,839.63
Global,Depressive disorders,Female,15-39 years,2018,4898.57,5213.3,841.47
Global,Depressive disorders,Female,15-39 years,2019,4910.44,5225.01,843.31
Global,Depressive disorders,Female,15-39 years,2020,5748.75,6492.57,1015.97
Global,Depressive disorders,Female,15-39 years,2021,5806.63,6551.12,1024.32
Global,Depressive disorders,Female,40-44 years,2010,6426.75,6278.95,1051
Global,Depressive disorders,Female,40-44 years,2011,6423.1,6287,1051.56
Global,Depressive disorders,Female,40-44 years,2012,6428.01,6307.13,1053.27
Global,Depressive disorders,Female,40-44 years,2013,6436.01,6330.64,1055.44
Global,Depressive disorders,Female,40-44 years,2014,6445.62,6354.44,1058.04
Global,Depressive disorders,Female,40-44 years,2015,6456.94,6377.8,1060.79
Global,Depressive disorders,Female,40-44 years,2016,6473.49,6404.41,1064.3
Global,Depressive disorders,Female,40-44 years,2017,6497.12,6438.37,1068.96
Global,Depressive disorders,Female,40-44 years,2018,6524,6476.5,1074.37
Global,Depressive disorders,Female,40-44 years,2019,6547.78,6512.3,1079.17
Global,Depressive disorders,Female,40-44 years,2020,7328.96,7688.61,1237.56
Global,Depressive disorders,Female,40-44 years,2021,7425.12,7742.02,1248.37
Global,Depressive disorders,Female,45-49 years,2010,6786.43,6593.47,1103.49
Global,Depressive disorders,Female,45-49 years,2011,6767.12,6556.37,1099.1
Global,Depressive disorders,Female,45-49 years,2012,6752.8,6544.42,1096.69
Global,Depressive disorders,Female,45-49 years,2013,6745.9,6554.58,1096.67
Global,Depressive disorders,Female,45-49 years,2014,6743.85,6572.51,1097.46
Global,Depressive disorders,Female,45-49 years,2015,6746.29,6587.72,1098.79
Global,Depressive disorders,Female,45-49 years,2016,6746.51,6594.14,1099.33
Global,Depressive disorders,Female,45-49 years,2017,6748.98,6600.7,1100.09
Global,Depressive disorders,Female,45-49 years,2018,6753.01,6609.13,1100.6
Global,Depressive disorders,Female,45-49 years,2019,6760.8,6625.22,1102.63
Global,Depressive disorders,Female,45-49 years,2020,7436.26,7645.45,1238.77
Global,Depressive disorders,Female,45-49 years,2021,7529.49,7663.94,1246.69
Global,Depressive disorders,Female,50-69 years,2010,7188.47,7050.85,1153.67
Global,Depressive disorders,Female,50-69 years,2011,7177.29,7054.67,1152.87
Global,Depressive disorders,Female,50-69 years,2012,7161.55,7068.49,1152.31
Global,Depressive disorders,Female,50-69 years,2013,7145.53,7084.97,1151.81
Global,Depressive disorders,Female,50-69 years,2014,7134.73,7100.62,1151.76
Global,Depressive disorders,Female,50-69 years,2015,7131.18,7105.6,1151.6
Global,Depressive disorders,Female,50-69 years,2016,7125.43,7097.91,1150.15
Global,Depressive disorders,Female,50-69 years,2017,7112.77,7085.75,1147.89
Global,Depressive disorders,Female,50-69 years,2018,7101.21,7075.43,1145.68
Global,Depressive disorders,Female,50-69 years,2019,7100.11,7076.1,1145.26
Global,Depressive disorders,Female,50-69 years,2020,7575.82,7781.4,1237.82
Global,Depressive disorders,Female,50-69 years,2021,7601.39,7717.52,1233.6
Global,Depressive disorders,Female,70+ years,2010,6690.96,7213.52,1048.3
Global,Depressive disorders,Female,70+ years,2011,6688.65,7235.12,1049.13
Global,Depressive disorders,Female,70+ years,2012,6678.67,7266.34,1050.07
Global,Depressive disorders,Female,70+ years,2013,6666.34,7299.47,1050.7
Global,Depressive disorders,Female,70+ years,2014,6659.96,7330.72,1051.79
Global,Depressive disorders,Female,70+ years,2015,6666.74,7353.24,1053.43
Global,Depressive disorders,Female,70+ years,2016,6679.15,7367.13,1054.94
Global,Depressive disorders,Female,70+ years,2017,6675.46,7366.01,1054.06
Global,Depressive disorders,Female,70+ years,2018,6668.56,7362.3,1052.95
Global,Depressive disorders,Female,70+ years,2019,6673.67,7361.26,1053.32
Global,Depressive disorders,Female,70+ years,2020,6780.74,7512.83,1072.02
Global,Depressive disorders,Female,70+ years,2021,6728.4,7404.26,1058.87
Global,Depressive disorders,Female,All ages,2010,4361.59,4552.77,726.52
Global,Depressive disorders,Female,All ages,2011,4378.06,4569.19,729.06
Global,Depressive disorders,Female,All ages,2012,4395.57,4591.2,732.09
Global,Depressive disorders,Female,All ages,2013,4413.73,4615.8,735.37
Global,Depressive disorders,Female,All ages,2014,4432.92,4640.92,738.73
Global,Depressive disorders,Female,All ages,2015,4452.69,4663.06,741.94
Global,Depressive disorders,Female,All ages,2016,4470.36,4681.07,744.59
Global,Depressive disorders,Female,All ages,2017,4485.63,4697.76,746.96
Global,Depressive disorders,Female,All ages,2018,4502.17,4716.11,749.47
Global,Depressive disorders,Female,All ages,2019,4523.18,4738.84,752.73
Global,Depressive disorders,Female,All ages,2020,5065.9,5557.85,862.23
Global,Depressive disorders,Female,All ages,2021,5118.72,5584.95,867.75
Global,Depressive disorders,Male,0-14 years,2010,267.56,401.83,49.87
Global,Depressive disorders,Male,0-14 years,2011,267.32,401.63,49.81
Global,Depressive disorders,Male,0-14 years,2012,267.13,401.58,49.78
Global,Depressive disorders,Male,0-14 years,2013,267.1,401.79,49.83
Global,Depressive disorders,Male,0-14 years,2014,267.41,402.53,49.86
Global,Depressive disorders,Male,0-14 years,2015,268.08,403.78,50
Global,Depressive disorders,Male,0-14 years,2016,269.24,405.88,50.27
Global,Depressive disorders,Male,0-14 years,2017,270.99,408.99,50.6
Global,Depressive disorders,Male,0-14 years,2018,273.21,412.73,51.02
Global,Depressive disorders,Male,0-14 years,2019,275.63,416.49,51.54
Global,Depressive disorders,Male,0-14 years,2020,340.61,535.18,65.3
Global,Depressive disorders,Male,0-14 years,2021,348.5,549.04,66.87
Global,Depressive disorders,Male,15-39 years,2010,3077.49,3210.39,531.18
Global,Depressive disorders,Male,15-39 years,2011,3085.96,3217.93,532.6
Global,Depressive disorders,Male,15-39 years,2012,3099.99,3231.87,535.1
Global,Depressive disorders,Male,15-39 years,2013,3117.4,3249.7,538.17
Global,Depressive disorders,Male,15-39 years,2014,3135.61,3268.56,541.37
Global,Depressive disorders,Male,15-39 years,2015,3151.41,3285.1,544.15
Global,Depressive disorders,Male,15-39 years,2016,3165.42,3298.57,546.53
Global,Depressive disorders,Male,15-39 years,2017,3179.85,3310.97,548.93
Global,Depressive disorders,Male,15-39 years,2018,3193.63,3322.68,551.11
Global,Depressive disorders,Male,15-39 years,2019,3205.25,3333.66,553.06
Global,Depressive disorders,Male,15-39 years,2020,3718.35,4107.5,661.01
Global,Depressive disorders,Male,15-39 years,2021,3759.82,4154.07,668.04
Global,Depressive disorders,Male,40-44 years,2010,4162.8,3888.79,678.68
Global,Depressive disorders,Male,40-44 years,2011,4164.34,3895.24,679.16
Global,Depressive disorders,Male,40-44 years,2012,4170.88,3907.92,680.9
Global,Depressive disorders,Male,40-44 years,2013,4180.47,3924.33,683.18
Global,Depressive disorders,Male,40-44 years,2014,4192.74,3944.03,685.66
Global,Depressive disorders,Male,40-44 years,2015,4207.61,3966.89,688.93
Global,Depressive disorders,Male,40-44 years,2016,4228.06,3992.05,693.01
Global,Depressive disorders,Male,40-44 years,2017,4255.44,4020.43,697.99
Global,Depressive disorders,Male,40-44 years,2018,4284.65,4050.88,703.17
Global,Depressive disorders,Male,40-44 years,2019,4308.58,4080.06,707.83
Global,Depressive disorders,Male,40-44 years,2020,4765.46,4762.15,802.55
Global,Depressive disorders,Male,40-44 years,2021,4836.69,4821.8,813.04
Global,Depressive disorders,Male,45-49 years,2010,4424.58,4094.9,714.45
Global,Depressive disorders,Male,45-49 years,2011,4410.63,4072.39,711.39
Global,Depressive disorders,Male,45-49 years,2012,4402.56,4063.75,709.73
Global,Depressive disorders,Male,45-49 years,2013,4401.57,4068.83,710.12
Global,Depressive disorders,Male,45-49 years,2014,4405.39,4081.11,711.41
Global,Depressive disorders,Male,45-49 years,2015,4412.28,4095.04,713.12
Global,Depressive disorders,Male,45-49 years,2016,4419.87,4104.97,714.59
Global,Depressive disorders,Male,45-49 years,2017,4431.28,4115.36,716.73
Global,Depressive disorders,Male,45-49 years,2018,4444.29,4127.99,719.04
Global,Depressive disorders,Male,45-49 years,2019,4458.03,4146.46,721.91
Global,Depressive disorders,Male,45-49 years,2020,4847.02,4728.82,801.83
Global,Depressive disorders,Male,45-49 years,2021,4933.21,4791.26,813.66
Global,Depressive disorders,Male,50-69 years,2010,4816.67,4450.24,759.7
Global,Depressive disorders,Male,50-69 years,2011,4813.08,4456.74,759.87
Global,Depressive disorders,Male,50-69 years,2012,4807.52,4468.52,760.15
Global,Depressive disorders,Male,50-69 years,2013,4801.63,4481.34,760.41
Global,Depressive disorders,Male,50-69 years,2014,4798.63,4493.5,760.8
Global,Depressive disorders,Male,50-69 years,2015,4798.92,4499.71,761.24
Global,Depressive disorders,Male,50-69 years,2016,4801.07,4504.87,761.65
Global,Depressive disorders,Male,50-69 years,2017,4802.15,4511.87,762.25
Global,Depressive disorders,Male,50-69 years,2018,4803.13,4518.42,762.61
Global,Depressive disorders,Male,50-69 years,2019,4805.78,4524.32,763.24
Global,Depressive disorders,Male,50-69 years,2020,5052.78,4886.35,812
Global,Depressive disorders,Male,50-69 years,2021,5125.36,4920.41,820.34
Global,Depressive disorders,Male,70+ years,2010,4888.35,5008.01,753.49
Global,Depressive disorders,Male,70+ years,2011,4885.8,5019.53,754.07
Global,Depressive disorders,Male,70+ years,2012,4881.16,5036.94,754.92
Global,Depressive disorders,Male,70+ years,2013,4876.45,5055.39,755.81
Global,Depressive disorders,Male,70+ years,2014,4876.2,5075.53,757.36
Global,Depressive disorders,Male,70+ years,2015,4886.78,5097.9,759.69
Global,Depressive disorders,Male,70+ years,2016,4903.73,5123.72,762.88
Global,Depressive disorders,Male,70+ years,2017,4909.96,5142.68,764.57
Global,Depressive disorders,Male,70+ years,2018,4913.09,5158.38,765.81
Global,Depressive disorders,Male,70+ years,2019,4917.47,5162.9,766.48
Global,Depressive disorders,Male,70+ years,2020,4894.89,5125.6,761.56
Global,Depressive disorders,Male,70+ years,2021,4942.89,5163.98,768.05
Global,Depressive disorders,Male,All ages,2010,2791.58,2794.75,462.53
Global,Depressive disorders,Male,All ages,2011,2804.85,2808,464.65
Global,Depressive disorders,Male,All ages,2012,2819.87,2825.53,467.29
Global,Depressive disorders,Male,All ages,2013,2835.94,2845.25,470.18
Global,Depressive disorders,Male,All ages,2014,2852.79,2865.61,473.13
Global,Depressive disorders,Male,All ages,2015,2869.51,2884.15,475.97
Global,Depressive disorders,Male,All ages,2016,2886.11,2901.26,478.67
Global,Depressive disorders,Male,All ages,2017,2903.18,2918.92,481.47
Global,Depressive disorders,Male,All ages,2018,2920.96,2937.35,484.31
Global,Depressive disorders,Male,All ages,2019,2939.25,2956.5,487.31
Global,Depressive disorders,Male,All ages,2020,3258.07,3433.87,552.98
Global,Depressive disorders,Male,All ages,2021,3312.23,3481.36,560.97
Lebanon,Anxiety disorders,Both,0-14 years,2010,3984.24,1069.36,495.76
Lebanon,Anxiety disorders,Both,0-14 years,2011,3972.87,1074.07,494.3
Lebanon,Anxiety disorders,Both,0-14 years,2012,3964.5,1078.02,494.64
Lebanon,Anxiety disorders,Both,0-14 years,2013,3922.72,1072.69,488.83
Lebanon,Anxiety disorders,Both,0-14 years,2014,3846.49,1058.56,479.75
Lebanon,Anxiety disorders,Both,0-14 years,2015,3815.09,1054.28,476.65
Lebanon,Anxiety disorders,Both,0-14 years,2016,3739.18,1038.02,467.25
Lebanon,Anxiety disorders,Both,0-14 years,2017,3535.69,989.9,441.63
Lebanon,Anxiety disorders,Both,0-14 years,2018,3325.92,939.12,414.84
Lebanon,Anxiety disorders,Both,0-14 years,2019,3268.08,924.13,408.85
Lebanon,Anxiety disorders,Both,0-14 years,2020,4108.28,1161.89,512.16
Lebanon,Anxiety disorders,Both,0-14 years,2021,5327.3,1503.78,662.62
Lebanon,Anxiety disorders,Both,15-39 years,2010,8697.09,940.8,1049.76
Lebanon,Anxiety disorders,Both,15-39 years,2011,8687.49,945.07,1048.37
Lebanon,Anxiety disorders,Both,15-39 years,2012,8665.17,947.73,1046.03
Lebanon,Anxiety disorders,Both,15-39 years,2013,8608.42,945.81,1040
Lebanon,Anxiety disorders,Both,15-39 years,2014,8518.58,939.56,1029.35
Lebanon,Anxiety disorders,Both,15-39 years,2015,8432.61,934.38,1018.88
Lebanon,Anxiety disorders,Both,15-39 years,2016,8300.44,934.22,1001.77
Lebanon,Anxiety disorders,Both,15-39 years,2017,8101.93,936.21,976.47
Lebanon,Anxiety disorders,Both,15-39 years,2018,7919.41,937.82,954.36
Lebanon,Anxiety disorders,Both,15-39 years,2019,7836.91,938.7,943.5
Lebanon,Anxiety disorders,Both,15-39 years,2020,9194.98,1102.16,1106.12
Lebanon,Anxiety disorders,Both,15-39 years,2021,10939.92,1289.44,1310.49
Lebanon,Anxiety disorders,Both,40-44 years,2010,7336.6,850.12,854.36
Lebanon,Anxiety disorders,Both,40-44 years,2011,7327.66,852.44,852.82
Lebanon,Anxiety disorders,Both,40-44 years,2012,7314.08,854.39,852.25
Lebanon,Anxiety disorders,Both,40-44 years,2013,7298.73,855.75,853.27
Lebanon,Anxiety disorders,Both,40-44 years,2014,7280.6,856.44,849.2
Lebanon,Anxiety disorders,Both,40-44 years,2015,7267.1,856.35,848.91
Lebanon,Anxiety disorders,Both,40-44 years,2016,7259.09,853.26,848.02
Lebanon,Anxiety disorders,Both,40-44 years,2017,7245.92,846.87,846.33
Lebanon,Anxiety disorders,Both,40-44 years,2018,7228.28,840.48,845.64
Lebanon,Anxiety disorders,Both,40-44 years,2019,7214.4,837.47,844.42
Lebanon,Anxiety disorders,Both,40-44 years,2020,8184.38,949.4,957.3
Lebanon,Anxiety disorders,Both,40-44 years,2021,9394.23,1070.41,1096.95
Lebanon,Anxiety disorders,Both,45-49 years,2010,7071.58,779.64,814.92
Lebanon,Anxiety disorders,Both,45-49 years,2011,7063.36,780.63,813.97
Lebanon,Anxiety disorders,Both,45-49 years,2012,7050.21,781.6,812.98
Lebanon,Anxiety disorders,Both,45-49 years,2013,7038.35,782.44,810.31
Lebanon,Anxiety disorders,Both,45-49 years,2014,7027.33,782.95,810.21
Lebanon,Anxiety disorders,Both,45-49 years,2015,7016.38,782.87,810.51
Lebanon,Anxiety disorders,Both,45-49 years,2016,6997.98,780.08,809.81
Lebanon,Anxiety disorders,Both,45-49 years,2017,6973.97,774.54,807.05
Lebanon,Anxiety disorders,Both,45-49 years,2018,6955.08,769.18,807.92
Lebanon,Anxiety disorders,Both,45-49 years,2019,6946.7,766.72,806.07
Lebanon,Anxiety disorders,Both,45-49 years,2020,7802.05,859.74,903.54
Lebanon,Anxiety disorders,Both,45-49 years,2021,8865.8,967.96,1022.65
Lebanon,Anxiety disorders,Both,50-69 years,2010,6314.47,606.56,715.3
Lebanon,Anxiety disorders,Both,50-69 years,2011,6324.86,606.8,715.28
Lebanon,Anxiety disorders,Both,50-69 years,2012,6334.34,607.57,716.32
Lebanon,Anxiety disorders,Both,50-69 years,2013,6341.13,609.11,716.37
Lebanon,Anxiety disorders,Both,50-69 years,2014,6345.14,610.83,716.36
Lebanon,Anxiety disorders,Both,50-69 years,2015,6347.74,611.57,717.09
Lebanon,Anxiety disorders,Both,50-69 years,2016,6343.33,609.37,715.59
Lebanon,Anxiety disorders,Both,50-69 years,2017,6333.81,605.64,715.45
Lebanon,Anxiety disorders,Both,50-69 years,2018,6324.27,602.2,713.84
Lebanon,Anxiety disorders,Both,50-69 years,2019,6320.91,600.66,713.16
Lebanon,Anxiety disorders,Both,50-69 years,2020,6924.57,656.82,779.85
Lebanon,Anxiety disorders,Both,50-69 years,2021,7680.92,739.87,861.74
Lebanon,Anxiety disorders,Both,70+ years,2010,5058.81,314.11,535.38
Lebanon,Anxiety disorders,Both,70+ years,2011,5051.2,311.82,534.3
Lebanon,Anxiety disorders,Both,70+ years,2012,5045.79,309.47,533.31
Lebanon,Anxiety disorders,Both,70+ years,2013,5043.43,307.26,532.29
Lebanon,Anxiety disorders,Both,70+ years,2014,5041.77,305.21,530.76
Lebanon,Anxiety disorders,Both,70+ years,2015,5038.7,303.27,530.23
Lebanon,Anxiety disorders,Both,70+ years,2016,5031.66,301.15,529.08
Lebanon,Anxiety disorders,Both,70+ years,2017,5019.53,298.54,527.14
Lebanon,Anxiety disorders,Both,70+ years,2018,5004.72,295.42,525.19
Lebanon,Anxiety disorders,Both,70+ years,2019,4995.65,292.75,524.33
Lebanon,Anxiety disorders,Both,70+ years,2020,5232.18,304.22,549.59
Lebanon,Anxiety disorders,Both,70+ years,2021,5534.34,324.7,577.89
Lebanon,Anxiety disorders,Both,All ages,2010,6701.16,867.86,796.58
Lebanon,Anxiety disorders,Both,All ages,2011,6699.42,867.97,795.65
Lebanon,Anxiety disorders,Both,All ages,2012,6695.51,868.21,795.48
Lebanon,Anxiety disorders,Both,All ages,2013,6690.67,868.7,795.35
Lebanon,Anxiety disorders,Both,All ages,2014,6682.55,869.1,795.27
Lebanon,Anxiety disorders,Both,All ages,2015,6668.53,869.41,794.49
Lebanon,Anxiety disorders,Both,All ages,2016,6586.4,863.09,783.7
Lebanon,Anxiety disorders,Both,All ages,2017,6435.55,847.86,764.29
Lebanon,Anxiety disorders,Both,All ages,2018,6298.33,832.33,747.1
Lebanon,Anxiety disorders,Both,All ages,2019,6248.01,825.82,740.42
Lebanon,Anxiety disorders,Both,All ages,2020,7243.29,970.12,858.24
Lebanon,Anxiety disorders,Both,All ages,2021,8538.21,1152.97,1009.25
Lebanon,Anxiety disorders,Female,0-14 years,2010,4665.35,1190.71,578.88
Lebanon,Anxiety disorders,Female,0-14 years,2011,4645.44,1193.79,576.77
Lebanon,Anxiety disorders,Female,0-14 years,2012,4629.49,1196.19,576.68
Lebanon,Anxiety disorders,Female,0-14 years,2013,4573.8,1188.35,568
Lebanon,Anxiety disorders,Female,0-14 years,2014,4477.74,1170.99,557.45
Lebanon,Anxiety disorders,Female,0-14 years,2015,4436.39,1165.31,552.7
Lebanon,Anxiety disorders,Female,0-14 years,2016,4344.32,1146.46,541.41
Lebanon,Anxiety disorders,Female,0-14 years,2017,4101.5,1091.79,510.79
Lebanon,Anxiety disorders,Female,0-14 years,2018,3851.71,1034.31,478.97
Lebanon,Anxiety disorders,Female,0-14 years,2019,3783.14,1017.41,471.96
Lebanon,Anxiety disorders,Female,0-14 years,2020,4778.2,1286.39,594.64
Lebanon,Anxiety disorders,Female,0-14 years,2021,6269.24,1682.79,777.19
Lebanon,Anxiety disorders,Female,15-39 years,2010,11319.62,1108.15,1353.48
Lebanon,Anxiety disorders,Female,15-39 years,2011,11302.97,1116.34,1351.44
Lebanon,Anxiety disorders,Female,15-39 years,2012,11283.11,1124.02,1349.07
Lebanon,Anxiety disorders,Female,15-39 years,2013,11268.85,1130.33,1348.89
Lebanon,Anxiety disorders,Female,15-39 years,2014,11258.81,1134.74,1346.92
Lebanon,Anxiety disorders,Female,15-39 years,2015,11228.54,1136.41,1343.35
Lebanon,Anxiety disorders,Female,15-39 years,2016,11079.18,1135.33,1324.97
Lebanon,Anxiety disorders,Female,15-39 years,2017,10825.48,1132.7,1292.58
Lebanon,Anxiety disorders,Female,15-39 years,2018,10590.62,1129.16,1265.22
Lebanon,Anxiety disorders,Female,15-39 years,2019,10476.43,1125.5,1250.27
Lebanon,Anxiety disorders,Female,15-39 years,2020,12282.37,1319.92,1462.75
Lebanon,Anxiety disorders,Female,15-39 years,2021,14558.04,1515.04,1724.51
Lebanon,Anxiety disorders,Female,40-44 years,2010,9092.48,882.39,1048.69
Lebanon,Anxiety disorders,Female,40-44 years,2011,9091.04,886.82,1048.79
Lebanon,Anxiety disorders,Female,40-44 years,2012,9084.43,891.24,1047.02
Lebanon,Anxiety disorders,Female,40-44 years,2013,9075.1,894.96,1048.22
Lebanon,Anxiety disorders,Female,40-44 years,2014,9066.81,897.62,1045.19
Lebanon,Anxiety disorders,Female,40-44 years,2015,9060.87,898.61,1046.73
Lebanon,Anxiety disorders,Female,40-44 years,2016,9053.03,894.11,1045.77
Lebanon,Anxiety disorders,Female,40-44 years,2017,9040.86,884.23,1042.79
Lebanon,Anxiety disorders,Female,40-44 years,2018,9029.35,874.31,1044.95
Lebanon,Anxiety disorders,Female,40-44 years,2019,9024.37,869.75,1044.71
Lebanon,Anxiety disorders,Female,40-44 years,2020,10280.41,989.82,1187.75
Lebanon,Anxiety disorders,Female,40-44 years,2021,11801.72,1097.54,1361.36
Lebanon,Anxiety disorders,Female,45-49 years,2010,8672.31,809.1,990.6
Lebanon,Anxiety disorders,Female,45-49 years,2011,8670.96,811.28,990.77
Lebanon,Anxiety disorders,Female,45-49 years,2012,8664.75,813.84,990.99
Lebanon,Anxiety disorders,Female,45-49 years,2013,8656.55,816.25,985.61
Lebanon,Anxiety disorders,Female,45-49 years,2014,8648.76,818.05,988.12
Lebanon,Anxiety disorders,Female,45-49 years,2015,8644.07,818.72,988.09
Lebanon,Anxiety disorders,Female,45-49 years,2016,8633.76,814.95,988.24
Lebanon,Anxiety disorders,Female,45-49 years,2017,8615.84,806.7,986.39
Lebanon,Anxiety disorders,Female,45-49 years,2018,8598.47,798.47,986.6
Lebanon,Anxiety disorders,Female,45-49 years,2019,8591.16,794.68,986.19
Lebanon,Anxiety disorders,Female,45-49 years,2020,9679.23,894.77,1107.11
Lebanon,Anxiety disorders,Female,45-49 years,2021,10988,999.03,1252.53
Lebanon,Anxiety disorders,Female,50-69 years,2010,7934.16,624.46,892.69
Lebanon,Anxiety disorders,Female,50-69 years,2011,7932.75,624.62,891.16
Lebanon,Anxiety disorders,Female,50-69 years,2012,7931.76,625.53,891.12
Lebanon,Anxiety disorders,Female,50-69 years,2013,7932.85,627.31,891.5
Lebanon,Anxiety disorders,Female,50-69 years,2014,7934.35,629.17,891.64
Lebanon,Anxiety disorders,Female,50-69 years,2015,7932.5,629.72,892.05
Lebanon,Anxiety disorders,Female,50-69 years,2016,7920.37,626.44,888.72
Lebanon,Anxiety disorders,Female,50-69 years,2017,7902.14,620.97,888.55
Lebanon,Anxiety disorders,Female,50-69 years,2018,7885.76,615.93,886.55
Lebanon,Anxiety disorders,Female,50-69 years,2019,7878.02,613.48,885.18
Lebanon,Anxiety disorders,Female,50-69 years,2020,8652.5,673.47,969.28
Lebanon,Anxiety disorders,Female,50-69 years,2021,9606.19,765.1,1071.53
Lebanon,Anxiety disorders,Female,70+ years,2010,6752.83,289.89,714.98
Lebanon,Anxiety disorders,Female,70+ years,2011,6729.85,287.99,712.16
Lebanon,Anxiety disorders,Female,70+ years,2012,6708.5,286.09,709.05
Lebanon,Anxiety disorders,Female,70+ years,2013,6689.64,284.34,706.06
Lebanon,Anxiety disorders,Female,70+ years,2014,6672.85,282.73,703.1
Lebanon,Anxiety disorders,Female,70+ years,2015,6656.78,281.14,700.99
Lebanon,Anxiety disorders,Female,70+ years,2016,6638.77,279.41,698.65
Lebanon,Anxiety disorders,Female,70+ years,2017,6616.75,277.27,695.6
Lebanon,Anxiety disorders,Female,70+ years,2018,6591.63,274.41,692.93
Lebanon,Anxiety disorders,Female,70+ years,2019,6571.4,271.76,690.25
Lebanon,Anxiety disorders,Female,70+ years,2020,6890.04,283.97,723.99
Lebanon,Anxiety disorders,Female,70+ years,2021,7267.48,302.89,759.42
Lebanon,Anxiety disorders,Female,All ages,2010,8551.22,965.04,1007.29
Lebanon,Anxiety disorders,Female,All ages,2011,8543.88,965.37,1005.77
Lebanon,Anxiety disorders,Female,All ages,2012,8536.22,966.5,1004.88
Lebanon,Anxiety disorders,Female,All ages,2013,8539.91,970.34,1005.66
Lebanon,Anxiety disorders,Female,All ages,2014,8554.52,976.55,1008.31
Lebanon,Anxiety disorders,Female,All ages,2015,8556.86,980.58,1009.47
Lebanon,Anxiety disorders,Female,All ages,2016,8460.89,971.98,997.14
Lebanon,Anxiety disorders,Female,All ages,2017,8277.71,951.3,973.6
Lebanon,Anxiety disorders,Female,All ages,2018,8110.96,930.39,953.36
Lebanon,Anxiety disorders,Female,All ages,2019,8045.9,920.09,944.75
Lebanon,Anxiety disorders,Female,All ages,2020,9312.44,1080.74,1092.26
Lebanon,Anxiety disorders,Female,All ages,2021,10933.88,1272.2,1278.28
Lebanon,Anxiety disorders,Male,0-14 years,2010,3366.77,959.35,420.4
Lebanon,Anxiety disorders,Male,0-14 years,2011,3362.2,965.37,419.42
Lebanon,Anxiety disorders,Male,0-14 years,2012,3360.2,970.63,420.08
Lebanon,Anxiety disorders,Male,0-14 years,2013,3331.93,967.74,416.99
Lebanon,Anxiety disorders,Male,0-14 years,2014,3275.54,956.86,409.47
Lebanon,Anxiety disorders,Male,0-14 years,2015,3253.95,953.99,407.96
Lebanon,Anxiety disorders,Male,0-14 years,2016,3191.89,939.94,400.17
Lebanon,Anxiety disorders,Male,0-14 years,2017,3023.06,897.57,378.98
Lebanon,Anxiety disorders,Male,0-14 years,2018,2848.88,852.76,356.66
Lebanon,Anxiety disorders,Male,0-14 years,2019,2800.2,839.39,351.53
Lebanon,Anxiety disorders,Male,0-14 years,2020,3499.07,1048.68,437.16
Lebanon,Anxiety disorders,Male,0-14 years,2021,4469.99,1340.86,558.34
Lebanon,Anxiety disorders,Male,15-39 years,2010,6043.6,771.48,742.45
Lebanon,Anxiety disorders,Male,15-39 years,2011,6034.6,771.35,740.97
Lebanon,Anxiety disorders,Male,15-39 years,2012,6020.08,769.6,739.84
Lebanon,Anxiety disorders,Male,15-39 years,2013,5998.05,764.77,736.91
Lebanon,Anxiety disorders,Male,15-39 years,2014,5964.76,757.65,733.39
Lebanon,Anxiety disorders,Male,15-39 years,2015,5917.97,752.67,727.04
Lebanon,Anxiety disorders,Male,15-39 years,2016,5804.93,753.61,711.52
Lebanon,Anxiety disorders,Male,15-39 years,2017,5636.04,758.31,690.26
Lebanon,Anxiety disorders,Male,15-39 years,2018,5487.44,763.61,671.34
Lebanon,Anxiety disorders,Male,15-39 years,2019,5419.01,767.59,662.49
Lebanon,Anxiety disorders,Male,15-39 years,2020,6348.43,901.39,777.31
Lebanon,Anxiety disorders,Male,15-39 years,2021,7586.93,1080.38,926.81
Lebanon,Anxiety disorders,Male,40-44 years,2010,5201.15,810.89,618.03
Lebanon,Anxiety disorders,Male,40-44 years,2011,5202.12,810.99,616.6
Lebanon,Anxiety disorders,Male,40-44 years,2012,5198.6,810.35,619.5
Lebanon,Anxiety disorders,Male,40-44 years,2013,5192.86,809.27,622.16
Lebanon,Anxiety disorders,Male,40-44 years,2014,5186.87,808.18,619.47
Lebanon,Anxiety disorders,Male,40-44 years,2015,5183.09,807.24,619.09
Lebanon,Anxiety disorders,Male,40-44 years,2016,5178.12,805.87,618.63
Lebanon,Anxiety disorders,Male,40-44 years,2017,5169.44,803.64,619.05
Lebanon,Anxiety disorders,Male,40-44 years,2018,5161.97,801.66,616.99
Lebanon,Anxiety disorders,Male,40-44 years,2019,5158.75,800.81,616.95
Lebanon,Anxiety disorders,Male,40-44 years,2020,5830.78,904.01,698.52
Lebanon,Anxiety disorders,Male,40-44 years,2021,6725.06,1040.34,803.8
Lebanon,Anxiety disorders,Male,45-49 years,2010,5112.54,743.59,599.92
Lebanon,Anxiety disorders,Male,45-49 years,2011,5114.93,743.48,599.68
Lebanon,Anxiety disorders,Male,45-49 years,2012,5112.59,742.91,599.34
Lebanon,Anxiety disorders,Male,45-49 years,2013,5108.24,742.11,601.21
Lebanon,Anxiety disorders,Male,45-49 years,2014,5102.47,741.28,599.01
Lebanon,Anxiety disorders,Male,45-49 years,2015,5097.77,740.62,601.18
Lebanon,Anxiety disorders,Male,45-49 years,2016,5089.97,739.4,601.7
Lebanon,Anxiety disorders,Male,45-49 years,2017,5076.49,737.37,599.79
Lebanon,Anxiety disorders,Male,45-49 years,2018,5064.03,735.47,602.31
Lebanon,Anxiety disorders,Male,45-49 years,2019,5058.82,734.63,599.29
Lebanon,Anxiety disorders,Male,45-49 years,2020,5649.46,819.56,670.11
Lebanon,Anxiety disorders,Male,45-49 years,2021,6428.46,932.28,758.64
Lebanon,Anxiety disorders,Male,50-69 years,2010,4468.09,586.16,513.08
Lebanon,Anxiety disorders,Male,50-69 years,2011,4467.94,586.21,512.17
Lebanon,Anxiety disorders,Male,50-69 years,2012,4467.41,586.58,512.03
Lebanon,Anxiety disorders,Male,50-69 years,2013,4469.57,587.71,510.45
Lebanon,Anxiety disorders,Male,50-69 years,2014,4473.31,589.23,509.9
Lebanon,Anxiety disorders,Male,50-69 years,2015,4475.32,590.13,510.36
Lebanon,Anxiety disorders,Male,50-69 years,2016,4468.06,589.07,509.72
Lebanon,Anxiety disorders,Male,50-69 years,2017,4456.3,587.28,508.23
Lebanon,Anxiety disorders,Male,50-69 years,2018,4446.05,585.69,506.09
Lebanon,Anxiety disorders,Male,50-69 years,2019,4442.31,585.2,505.64
Lebanon,Anxiety disorders,Male,50-69 years,2020,4834.41,636.68,550.7
Lebanon,Anxiety disorders,Male,50-69 years,2021,5343.24,709.24,607.01
Lebanon,Anxiety disorders,Male,70+ years,2010,3381.81,338.09,357.57
Lebanon,Anxiety disorders,Male,70+ years,2011,3366.92,335.72,355.84
Lebanon,Anxiety disorders,Male,70+ years,2012,3352.41,333.28,354.34
Lebanon,Anxiety disorders,Male,70+ years,2013,3338.75,331,352.35
Lebanon,Anxiety disorders,Male,70+ years,2014,3325.77,328.87,349.45
Lebanon,Anxiety disorders,Male,70+ years,2015,3313.25,326.88,348.14
Lebanon,Anxiety disorders,Male,70+ years,2016,3298.34,324.59,346.19
Lebanon,Anxiety disorders,Male,70+ years,2017,3279.68,321.71,343.64
Lebanon,Anxiety disorders,Male,70+ years,2018,3260.28,318.51,340.8
Lebanon,Anxiety disorders,Male,70+ years,2019,3246.3,316.05,340.14
Lebanon,Anxiety disorders,Male,70+ years,2020,3362.38,327.05,352.9
Lebanon,Anxiety disorders,Male,70+ years,2021,3527.96,349.95,367.74
Lebanon,Anxiety disorders,Male,All ages,2010,4810.36,768.54,581.22
Lebanon,Anxiety disorders,Male,All ages,2011,4806.72,768.03,580.04
Lebanon,Anxiety disorders,Male,All ages,2012,4804.65,767.24,580.37
Lebanon,Anxiety disorders,Male,All ages,2013,4814.06,765.57,581.94
Lebanon,Anxiety disorders,Male,All ages,2014,4831.25,762.84,584.59
Lebanon,Anxiety disorders,Male,All ages,2015,4834.99,761.46,585.75
Lebanon,Anxiety disorders,Male,All ages,2016,4763.41,757.18,576.13
Lebanon,Anxiety disorders,Male,All ages,2017,4631.15,746.54,559.27
Lebanon,Anxiety disorders,Male,All ages,2018,4513.45,735.76,543.99
Lebanon,Anxiety disorders,Male,All ages,2019,4468.36,732.51,538.16
Lebanon,Anxiety disorders,Male,All ages,2020,5183.09,859.97,625.24
Lebanon,Anxiety disorders,Male,All ages,2021,6138.54,1033.54,739.77
Lebanon,Depressive disorders,Both,0-14 years,2010,673.36,1076.94,132.17
Lebanon,Depressive disorders,Both,0-14 years,2011,667.08,1067.73,130.87
Lebanon,Depressive disorders,Both,0-14 years,2012,663.85,1063.78,129.84
Lebanon,Depressive disorders,Both,0-14 years,2013,656.45,1053.09,128.83
Lebanon,Depressive disorders,Both,0-14 years,2014,643.45,1033.16,125.92
Lebanon,Depressive disorders,Both,0-14 years,2015,638.57,1025.76,125.21
Lebanon,Depressive disorders,Both,0-14 years,2016,647.47,1040.12,126.97
Lebanon,Depressive disorders,Both,0-14 years,2017,661.24,1062.32,129.62
Lebanon,Depressive disorders,Both,0-14 years,2018,675.92,1085.84,133.03
Lebanon,Depressive disorders,Both,0-14 years,2019,692.51,1112.4,136.3
Lebanon,Depressive disorders,Both,0-14 years,2020,898.36,1483.4,179.24
Lebanon,Depressive disorders,Both,0-14 years,2021,1215.3,2057.1,245.66
Lebanon,Depressive disorders,Both,15-39 years,2010,6217.3,7469.35,1146.06
Lebanon,Depressive disorders,Both,15-39 years,2011,6226.74,7475.5,1148.12
Lebanon,Depressive disorders,Both,15-39 years,2012,6241.21,7489.63,1151.17
Lebanon,Depressive disorders,Both,15-39 years,2013,6238.5,7480.33,1151.12
Lebanon,Depressive disorders,Both,15-39 years,2014,6214.57,7440.52,1147.15
Lebanon,Depressive disorders,Both,15-39 years,2015,6197.92,7404.68,1143.33
Lebanon,Depressive disorders,Both,15-39 years,2016,6156.24,7322.13,1132.73
Lebanon,Depressive disorders,Both,15-39 years,2017,6060.35,7158.41,1111.6
Lebanon,Depressive disorders,Both,15-39 years,2018,5959.5,6991.05,1088.86
Lebanon,Depressive disorders,Both,15-39 years,2019,5921.22,6920.06,1079.81
Lebanon,Depressive disorders,Both,15-39 years,2020,6950.32,8463.12,1292.84
Lebanon,Depressive disorders,Both,15-39 years,2021,8225.19,10378.38,1551.76
Lebanon,Depressive disorders,Both,40-44 years,2010,8151.14,9351.37,1445.98
Lebanon,Depressive disorders,Both,40-44 years,2011,8147.46,9346.84,1448.32
Lebanon,Depressive disorders,Both,40-44 years,2012,8159.86,9363.37,1453.98
Lebanon,Depressive disorders,Both,40-44 years,2013,8176.21,9385.18,1457.87
Lebanon,Depressive disorders,Both,40-44 years,2014,8180.35,9389.58,1461.99
Lebanon,Depressive disorders,Both,40-44 years,2015,8163.9,9366.53,1459.6
Lebanon,Depressive disorders,Both,40-44 years,2016,8053.01,9205.8,1437.25
Lebanon,Depressive disorders,Both,40-44 years,2017,7840.17,8898.37,1391.18
Lebanon,Depressive disorders,Both,40-44 years,2018,7629.35,8593.22,1350.45
Lebanon,Depressive disorders,Both,40-44 years,2019,7529.09,8449.03,1330.81
Lebanon,Depressive disorders,Both,40-44 years,2020,8482.62,9864.38,1528.5
Lebanon,Depressive disorders,Both,40-44 years,2021,9467.91,11334.96,1720.67
Lebanon,Depressive disorders,Both,45-49 years,2010,8163.37,9280.65,1430.99
Lebanon,Depressive disorders,Both,45-49 years,2011,8157.64,9273.65,1429.8
Lebanon,Depressive disorders,Both,45-49 years,2012,8165.22,9283.55,1435.65
Lebanon,Depressive disorders,Both,45-49 years,2013,8178.49,9299.98,1436.47
Lebanon,Depressive disorders,Both,45-49 years,2014,8184.48,9305.82,1439.86
Lebanon,Depressive disorders,Both,45-49 years,2015,8168.8,9282.68,1437.19
Lebanon,Depressive disorders,Both,45-49 years,2016,8047.81,9110.49,1414.89
Lebanon,Depressive disorders,Both,45-49 years,2017,7823.87,8790.28,1370
Lebanon,Depressive disorders,Both,45-49 years,2018,7609.94,8482.63,1328.45
Lebanon,Depressive disorders,Both,45-49 years,2019,7512.8,8341.9,1307.79
Lebanon,Depressive disorders,Both,45-49 years,2020,8334.39,9558.06,1476.02
Lebanon,Depressive disorders,Both,45-49 years,2021,9188.81,10826.91,1645.04
Lebanon,Depressive disorders,Both,50-69 years,2010,7792.76,8849.29,1343.23
Lebanon,Depressive disorders,Both,50-69 years,2011,7809,8868.84,1344.28
Lebanon,Depressive disorders,Both,50-69 years,2012,7832.18,8895.39,1348.52
Lebanon,Depressive disorders,Both,50-69 years,2013,7851.3,8916.01,1351.49
Lebanon,Depressive disorders,Both,50-69 years,2014,7859.21,8921.24,1352.14
Lebanon,Depressive disorders,Both,50-69 years,2015,7850.66,8905.17,1348.89
Lebanon,Depressive disorders,Both,50-69 years,2016,7739.7,8746.87,1327.23
Lebanon,Depressive disorders,Both,50-69 years,2017,7522.54,8439.44,1283.84
Lebanon,Depressive disorders,Both,50-69 years,2018,7308.12,8135.14,1240.44
Lebanon,Depressive disorders,Both,50-69 years,2019,7207.22,7989.1,1220.06
Lebanon,Depressive disorders,Both,50-69 years,2020,7729.34,8759.08,1322.6
Lebanon,Depressive disorders,Both,50-69 years,2021,8286.15,9580.31,1427.23
Lebanon,Depressive disorders,Both,70+ years,2010,6403.51,7386.25,1037.65
Lebanon,Depressive disorders,Both,70+ years,2011,6408.46,7395.87,1037.55
Lebanon,Depressive disorders,Both,70+ years,2012,6417.85,7411.8,1037.45
Lebanon,Depressive disorders,Both,70+ years,2013,6427.01,7426.86,1038.2
Lebanon,Depressive disorders,Both,70+ years,2014,6429.13,7431.48,1037.03
Lebanon,Depressive disorders,Both,70+ years,2015,6417.68,7416.74,1034.98
Lebanon,Depressive disorders,Both,70+ years,2016,6335.21,7304.35,1019.13
Lebanon,Depressive disorders,Both,70+ years,2017,6177.65,7089.08,990
Lebanon,Depressive disorders,Both,70+ years,2018,6017.6,6871.42,958.57
Lebanon,Depressive disorders,Both,70+ years,2019,5932.85,6754.23,941.79
Lebanon,Depressive disorders,Both,70+ years,2020,6021.19,6883.98,957.57
Lebanon,Depressive disorders,Both,70+ years,2021,6134.1,7044.18,974.8
Lebanon,Depressive disorders,Both,All ages,2010,5257.6,6231.5,940.14
Lebanon,Depressive disorders,Both,All ages,2011,5291.99,6267,945.75
Lebanon,Depressive disorders,Both,All ages,2012,5326.12,6304.58,952.02
Lebanon,Depressive disorders,Both,All ages,2013,5328.84,6308.21,953.39
Lebanon,Depressive disorders,Both,All ages,2014,5297.88,6272.71,949.73
Lebanon,Depressive disorders,Both,All ages,2015,5278.36,6245.1,946.79
Lebanon,Depressive disorders,Both,All ages,2016,5242.43,6179.09,938.18
Lebanon,Depressive disorders,Both,All ages,2017,5160.09,6042.04,919.58
Lebanon,Depressive disorders,Both,All ages,2018,5077.48,5905.62,901.04
Lebanon,Depressive disorders,Both,All ages,2019,5058.25,5861.26,895.35
Lebanon,Depressive disorders,Both,All ages,2020,5765.49,6918.27,1039.25
Lebanon,Depressive disorders,Both,All ages,2021,6612.18,8193.75,1207.84
Lebanon,Depressive disorders,Female,0-14 years,2010,840.01,1350.67,164.54
Lebanon,Depressive disorders,Female,0-14 years,2011,832.15,1338.72,162.63
Lebanon,Depressive disorders,Female,0-14 years,2012,827.37,1331.99,162.07
Lebanon,Depressive disorders,Female,0-14 years,2013,816.83,1315.77,160.6
Lebanon,Depressive disorders,Female,0-14 years,2014,799.13,1287.82,156.43
Lebanon,Depressive disorders,Female,0-14 years,2015,792.21,1276.83,155.4
Lebanon,Depressive disorders,Female,0-14 years,2016,802.91,1293.85,157.35
Lebanon,Depressive disorders,Female,0-14 years,2017,819.37,1320.31,160.64
Lebanon,Depressive disorders,Female,0-14 years,2018,837.03,1348.52,165.27
Lebanon,Depressive disorders,Female,0-14 years,2019,857.6,1381.44,168.96
Lebanon,Depressive disorders,Female,0-14 years,2020,1120.96,1857.06,223.46
Lebanon,Depressive disorders,Female,0-14 years,2021,1519.4,2578.87,307.06
Lebanon,Depressive disorders,Female,15-39 years,2010,7699.42,9378.24,1418.5
Lebanon,Depressive disorders,Female,15-39 years,2011,7696.54,9364.72,1416.8
Lebanon,Depressive disorders,Female,15-39 years,2012,7695.4,9354.13,1416.48
Lebanon,Depressive disorders,Female,15-39 years,2013,7689.69,9335.81,1415.75
Lebanon,Depressive disorders,Female,15-39 years,2014,7674.66,9302.89,1412.16
Lebanon,Depressive disorders,Female,15-39 years,2015,7657.13,9262.33,1407.75
Lebanon,Depressive disorders,Female,15-39 years,2016,7586.74,9137.72,1390.98
Lebanon,Depressive disorders,Female,15-39 years,2017,7448.99,8912.8,1360.38
Lebanon,Depressive disorders,Female,15-39 years,2018,7314.59,8695.28,1331.89
Lebanon,Depressive disorders,Female,15-39 years,2019,7262.35,8602.94,1320.17
Lebanon,Depressive disorders,Female,15-39 years,2020,8549.86,10544.32,1584.16
Lebanon,Depressive disorders,Female,15-39 years,2021,10125.18,12916.71,1899.44
Lebanon,Depressive disorders,Female,40-44 years,2010,9859.55,11473.47,1745.97
Lebanon,Depressive disorders,Female,40-44 years,2011,9850.78,11458.05,1744.86
Lebanon,Depressive disorders,Female,40-44 years,2012,9846.75,11446.99,1747.53
Lebanon,Depressive disorders,Female,40-44 years,2013,9840.34,11432.83,1746.34
Lebanon,Depressive disorders,Female,40-44 years,2014,9824.65,11404.5,1746.16
Lebanon,Depressive disorders,Female,40-44 years,2015,9791.06,11354.97,1741.71
Lebanon,Depressive disorders,Female,40-44 years,2016,9652.9,11153.79,1714.04
Lebanon,Depressive disorders,Female,40-44 years,2017,9405.53,10793.98,1661.55
Lebanon,Depressive disorders,Female,40-44 years,2018,9170.37,10449.27,1614.86
Lebanon,Depressive disorders,Female,40-44 years,2019,9064,10294.43,1593.75
Lebanon,Depressive disorders,Female,40-44 years,2020,10234.7,12037.3,1832.45
Lebanon,Depressive disorders,Female,40-44 years,2021,11460.03,13875.47,2068.07
Lebanon,Depressive disorders,Female,45-49 years,2010,9887.87,11413.68,1734.78
Lebanon,Depressive disorders,Female,45-49 years,2011,9878.33,11397.32,1733.15
Lebanon,Depressive disorders,Female,45-49 years,2012,9870.93,11382.27,1737.79
Lebanon,Depressive disorders,Female,45-49 years,2013,9859.82,11362,1732.05
Lebanon,Depressive disorders,Female,45-49 years,2014,9840.2,11329.53,1729.86
Lebanon,Depressive disorders,Female,45-49 years,2015,9807.08,11279.11,1721.61
Lebanon,Depressive disorders,Female,45-49 years,2016,9664.78,11073.32,1693.87
Lebanon,Depressive disorders,Female,45-49 years,2017,9406,10699.58,1642.34
Lebanon,Depressive disorders,Female,45-49 years,2018,9157.12,10338.94,1590.26
Lebanon,Depressive disorders,Female,45-49 years,2019,9044.96,10175.47,1568.04
Lebanon,Depressive disorders,Female,45-49 years,2020,10049.05,11669.13,1769.39
Lebanon,Depressive disorders,Female,45-49 years,2021,11115.18,13262.29,1980.61
Lebanon,Depressive disorders,Female,50-69 years,2010,9489.61,10965.23,1642.13
Lebanon,Depressive disorders,Female,50-69 years,2011,9481.47,10950.3,1638.11
Lebanon,Depressive disorders,Female,50-69 years,2012,9471.76,10930.49,1636.45
Lebanon,Depressive disorders,Female,50-69 years,2013,9458.9,10905.33,1634.32
Lebanon,Depressive disorders,Female,50-69 years,2014,9438.4,10868.87,1630.62
Lebanon,Depressive disorders,Female,50-69 years,2015,9403.73,10814.94,1622.06
Lebanon,Depressive disorders,Female,50-69 years,2016,9249.97,10596.74,1592.41
Lebanon,Depressive disorders,Female,50-69 years,2017,8973.06,10207.31,1536.32
Lebanon,Depressive disorders,Female,50-69 years,2018,8705.27,9828.93,1483.14
Lebanon,Depressive disorders,Female,50-69 years,2019,8578.06,9644.57,1457.7
Lebanon,Depressive disorders,Female,50-69 years,2020,9213.21,10584.62,1583.01
Lebanon,Depressive disorders,Female,50-69 years,2021,9932.89,11647.56,1716.15
Lebanon,Depressive disorders,Female,70+ years,2010,7462.17,8679.7,1219.01
Lebanon,Depressive disorders,Female,70+ years,2011,7439.84,8651.61,1213.95
Lebanon,Depressive disorders,Female,70+ years,2012,7413.38,8619.84,1206.32
Lebanon,Depressive disorders,Female,70+ years,2013,7383.16,8583.76,1201.48
Lebanon,Depressive disorders,Female,70+ years,2014,7347.78,8539.6,1192.49
Lebanon,Depressive disorders,Female,70+ years,2015,7305.14,8483.93,1185.37
Lebanon,Depressive disorders,Female,70+ years,2016,7188.62,8328.05,1163.27
Lebanon,Depressive disorders,Female,70+ years,2017,6988.17,8058.91,1126.75
Lebanon,Depressive disorders,Female,70+ years,2018,6784.84,7786.14,1088.55
Lebanon,Depressive disorders,Female,70+ years,2019,6666.98,7623.62,1065.01
Lebanon,Depressive disorders,Female,70+ years,2020,6749.46,7741.8,1078.82
Lebanon,Depressive disorders,Female,70+ years,2021,6905.96,7967.56,1104.23
Lebanon,Depressive disorders,Female,All ages,2010,6573.11,7890.82,1176.36
Lebanon,Depressive disorders,Female,All ages,2011,6601.54,7914.95,1179.81
Lebanon,Depressive disorders,Female,All ages,2012,6622.9,7931.8,1183.63
Lebanon,Depressive disorders,Female,All ages,2013,6608.18,7909.34,1181.61
Lebanon,Depressive disorders,Female,All ages,2014,6557,7845.53,1173.44
Lebanon,Depressive disorders,Female,All ages,2015,6518.98,7792.39,1166.67
Lebanon,Depressive disorders,Female,All ages,2016,6458.69,7691.01,1152.92
Lebanon,Depressive disorders,Female,All ages,2017,6343.76,7506.14,1127.2
Lebanon,Depressive disorders,Female,All ages,2018,6233.3,7328.15,1103.48
Lebanon,Depressive disorders,Female,All ages,2019,6203.76,7267.03,1095.59
Lebanon,Depressive disorders,Female,All ages,2020,7075.32,8575.82,1271.29
Lebanon,Depressive disorders,Female,All ages,2021,8118.45,10150.6,1476.21
Lebanon,Depressive disorders,Male,0-14 years,2010,522.27,828.78,102.81
Lebanon,Depressive disorders,Male,0-14 years,2011,517.2,821.68,102.02
Lebanon,Depressive disorders,Male,0-14 years,2012,515.26,820.06,100.55
Lebanon,Depressive disorders,Male,0-14 years,2013,510.92,814.73,100
Lebanon,Depressive disorders,Male,0-14 years,2014,502.63,802.83,98.32
Lebanon,Depressive disorders,Male,0-14 years,2015,499.8,799,97.95
Lebanon,Depressive disorders,Male,0-14 years,2016,506.89,810.64,99.51
Lebanon,Depressive disorders,Male,0-14 years,2017,517.97,828.57,101.52
Lebanon,Depressive disorders,Male,0-14 years,2018,529.75,847.53,103.78
Lebanon,Depressive disorders,Male,0-14 years,2019,542.55,868.01,106.63
Lebanon,Depressive disorders,Male,0-14 years,2020,695.94,1143.62,139.02
Lebanon,Depressive disorders,Male,0-14 years,2021,938.54,1582.22,189.77
Lebanon,Depressive disorders,Male,15-39 years,2010,4717.69,5537.92,870.4
Lebanon,Depressive disorders,Male,15-39 years,2011,4735.93,5559.26,875.59
Lebanon,Depressive disorders,Male,15-39 years,2012,4771.93,5605.79,883.11
Lebanon,Depressive disorders,Male,15-39 years,2013,4814.6,5659.75,891.47
Lebanon,Depressive disorders,Male,15-39 years,2014,4853.81,5704.83,900.17
Lebanon,Depressive disorders,Male,15-39 years,2015,4885.52,5733.91,905.5
Lebanon,Depressive disorders,Male,15-39 years,2016,4871.56,5691.6,900.8
Lebanon,Depressive disorders,Male,15-39 years,2017,4803.07,5569.98,886.35
Lebanon,Depressive disorders,Male,15-39 years,2018,4725.78,5439.45,867.6
Lebanon,Depressive disorders,Male,15-39 years,2019,4692.69,5378.47,859.64
Lebanon,Depressive disorders,Male,15-39 years,2020,5475.57,6544.28,1024.24
Lebanon,Depressive disorders,Male,15-39 years,2021,6464.43,8026.07,1229.56
Lebanon,Depressive disorders,Male,40-44 years,2010,6073.43,6770.53,1081.15
Lebanon,Depressive disorders,Male,40-44 years,2011,6094.32,6802.03,1090.87
Lebanon,Depressive disorders,Male,40-44 years,2012,6144.11,6873.55,1103.2
Lebanon,Depressive disorders,Male,40-44 years,2013,6203.39,6957.71,1115.9
Lebanon,Depressive disorders,Male,40-44 years,2014,6252.94,7027.75,1128.89
Lebanon,Depressive disorders,Male,40-44 years,2015,6273.45,7056.35,1131.83
Lebanon,Depressive disorders,Male,40-44 years,2016,6197.14,6946.14,1116.18
Lebanon,Depressive disorders,Male,40-44 years,2017,6029.28,6705.41,1078.39
Lebanon,Depressive disorders,Male,40-44 years,2018,5861.39,6463.83,1047.09
Lebanon,Depressive disorders,Male,40-44 years,2019,5785.84,6353.14,1032.18
Lebanon,Depressive disorders,Male,40-44 years,2020,6515.24,7424.44,1187.2
Lebanon,Depressive disorders,Male,40-44 years,2021,7259.25,8518.31,1335.52
Lebanon,Depressive disorders,Male,45-49 years,2010,6052.84,6670.14,1059.19
Lebanon,Depressive disorders,Male,45-49 years,2011,6072.15,6699.75,1062.13
Lebanon,Depressive disorders,Male,45-49 years,2012,6118.2,6764.85,1073.06
Lebanon,Depressive disorders,Male,45-49 years,2013,6173.09,6840.51,1083.92
Lebanon,Depressive disorders,Male,45-49 years,2014,6218.9,6903.39,1095.59
Lebanon,Depressive disorders,Male,45-49 years,2015,6237.7,6929.43,1101.93
Lebanon,Depressive disorders,Male,45-49 years,2016,6161.75,6821,1089.49
Lebanon,Depressive disorders,Male,45-49 years,2017,5995.44,6583.75,1055.27
Lebanon,Depressive disorders,Male,45-49 years,2018,5829.59,6346.58,1027.2
Lebanon,Depressive disorders,Male,45-49 years,2019,5753.84,6236.92,1009.01
Lebanon,Depressive disorders,Male,45-49 years,2020,6368.18,7137.28,1139.62
Lebanon,Depressive disorders,Male,45-49 years,2021,6976.37,8029.87,1259.63
Lebanon,Depressive disorders,Male,50-69 years,2010,5858.43,6437.22,1002.49
Lebanon,Depressive disorders,Male,50-69 years,2011,5877.52,6465.02,1004.95
Lebanon,Depressive disorders,Male,50-69 years,2012,5915.98,6516.95,1012
Lebanon,Depressive disorders,Male,50-69 years,2013,5961.07,6576.95,1018.95
Lebanon,Depressive disorders,Male,50-69 years,2014,5999.18,6627.23,1024.14
Lebanon,Depressive disorders,Male,50-69 years,2015,6015.69,6648.74,1026.13
Lebanon,Depressive disorders,Male,50-69 years,2016,5943.82,6547.16,1011.92
Lebanon,Depressive disorders,Male,50-69 years,2017,5786.06,6323.05,981.58
Lebanon,Depressive disorders,Male,50-69 years,2018,5627.57,6097.78,948.5
Lebanon,Depressive disorders,Male,50-69 years,2019,5553.35,5991.83,933.36
Lebanon,Depressive disorders,Male,50-69 years,2020,5934.4,6550.86,1007.59
Lebanon,Depressive disorders,Male,50-69 years,2021,6286.66,7070.25,1076.42
Lebanon,Depressive disorders,Male,70+ years,2010,5355.49,6105.81,858.12
Lebanon,Depressive disorders,Male,70+ years,2011,5373.63,6135.92,860.56
Lebanon,Depressive disorders,Male,70+ years,2012,5403.94,6181.47,865.45
Lebanon,Depressive disorders,Male,70+ years,2013,5436.89,6228.88,869.13
Lebanon,Depressive disorders,Male,70+ years,2014,5462.64,6265.66,873.48
Lebanon,Depressive disorders,Male,70+ years,2015,5471.33,6278.73,874.62
Lebanon,Depressive disorders,Male,70+ years,2016,5414.77,6200.24,863.68
Lebanon,Depressive disorders,Male,70+ years,2017,5294.75,6032.64,841.03
Lebanon,Depressive disorders,Male,70+ years,2018,5174.19,5865.89,815.69
Lebanon,Depressive disorders,Male,70+ years,2019,5117.85,5789.07,805
Lebanon,Depressive disorders,Male,70+ years,2020,5199.83,5916.5,820.82
Lebanon,Depressive disorders,Male,70+ years,2021,5240.57,5975.22,824.96
Lebanon,Depressive disorders,Male,All ages,2010,3913.12,4535.63,698.71
Lebanon,Depressive disorders,Male,All ages,2011,3948.19,4575.94,705.56
Lebanon,Depressive disorders,Male,All ages,2012,3994.01,4633.02,714.1
Lebanon,Depressive disorders,Male,All ages,2013,4030.57,4683.38,721.78
Lebanon,Depressive disorders,Male,All ages,2014,4052.67,4717.27,728.48
Lebanon,Depressive disorders,Male,All ages,2015,4073.72,4742.71,733.29
Lebanon,Depressive disorders,Male,All ages,2016,4059.58,4708.71,729.33
Lebanon,Depressive disorders,Male,All ages,2017,4000.67,4607.95,716.22
Lebanon,Depressive disorders,Male,All ages,2018,3939.35,4504.87,701.7
Lebanon,Depressive disorders,Male,All ages,2019,3924.35,4469.74,697.14
Lebanon,Depressive disorders,Male,All ages,2020,4461.34,5267.89,808.21
Lebanon,Depressive disorders,Male,All ages,2021,5103.41,6233.64,939.03
